Model,Silhouette Score
6UCubeSat_Decision_Module_Decision_Module_2_Controller_Impl_1.json,-0.008324970668623238
6UCubeSat_Rate_Limited_PID_Controller_Rate_Limited_PID_Controller_Impl_1.json,-0.047980344204704914
6UCubeSat_RTA_Controller_RTA_Controller_Impl_1.json,-0.011343629128976056
6UCubeSat_Unverified_Controller_PID_controller_not_rate_limited_package_Impl_1.json,-0.05773971515680802
6UCubeSat_Verified_Controller_Rate_Limited_PID_Controller_Impl_1.json,-0.05757906904289807
890-isolette_KSU_Isolette_isolette_dual_sensor_1.json,0.023671827171247394
890-isolette_KSU_Isolette_isolette_dual_sensor_10.json,0.023671827171247394
890-isolette_KSU_Isolette_isolette_dual_sensor_11.json,0.023671827171247394
890-isolette_KSU_Isolette_isolette_dual_sensor_2.json,0.023671827171247394
890-isolette_KSU_Isolette_isolette_dual_sensor_3.json,0.023671827171247394
890-isolette_KSU_Isolette_isolette_dual_sensor_4.json,0.023671827171247394
890-isolette_KSU_Isolette_isolette_dual_sensor_5.json,0.4872245056009563
890-isolette_KSU_Isolette_isolette_dual_sensor_6.json,0.4872245056009563
890-isolette_KSU_Isolette_isolette_dual_sensor_7.json,0.023671827171247394
890-isolette_KSU_Isolette_isolette_dual_sensor_8.json,0.023671827171247394
890-isolette_KSU_Isolette_isolette_dual_sensor_9.json,0.4872245056009563
890-isolette_KSU_Isolette_isolette_single_sensor_1.json,0.34015290961513045
890-isolette_KSU_Isolette_isolette_single_sensor_2.json,0.026876712761175918
890-isolette_KSU_Isolette_isolette_single_sensor_3.json,0.4872245056009563
890-isolette_KSU_Isolette_isolette_single_sensor_4.json,0.2328782444580851
890-isolette_KSU_Isolette_isolette_single_sensor_5.json,0.2328782444580851
890-isolette_KSU_Isolette_operator_interface_impl_1.json,0.020213301235604754
890-isolette_KSU_Isolette_operator_interface_impl_2.json,0.020864908901439088
890-isolette_KSU_Isolette_thermostat_single_sensor_impl_1.json,0.18973596551893132
890-isolette_KSU_Isolette_thermostat_single_sensor_impl_2.json,0.18973596551893132
890-isolette_KSU_Isolette_thermostat_single_sensor_impl_3.json,0.18824201663828571
890-isolette_KSU_Isolette_thermostat_single_sensor_impl_4.json,0.18824201663828571
890-isolette_KSU_Isolette_thermostat_single_sensor_impl_5.json,0.08397923800819455
890-isolette_KSU_Isolette_thermostat_single_sensor_impl_6.json,0.24316252221494597
890-isolette_KSU_Isolette_thermostat_single_sensor_impl_7.json,0.24316252221494597
890-isolette_KSU_Isolette_thermostat_single_sensor_impl_8.json,0.24316252221494597
AADL-Architecture-of-Smart-Parking-_InformationServiceProvider_ISP_impl_1.json,-0.04036722805931886
AADL-Architecture-of-Smart-Parking-_RSE_RSEOwner_impl_1.json,0.10477247982730936
AADL-Architecture-of-Smart-Parking-_SmartParkingSystem_tispSys_impl_1.json,0.025880014100335275
aadl-book_use_myproperties_integration_without_units_1.json,0.07284122044935575
aadl-book_use_myproperties_integration_with_units_1.json,0.04278687113515316
aadl-bottle-filling_BottleFilling_BottleFillingSystem_impl_1.json,0.08597559956091327
aadl-car-example_CarSystem_MyCar_impl_1.json,0.04716078230724925
aadl-car-example_HardwarePlatform_cc_mcu_dual_1.json,0.09491864624373039
aadl-car-example_HardwarePlatform_cc_mcu_impl_1.json,0.05590816674285772
aadl-car-example_HardwarePlatform_cc_mcu_single_1.json,0.09106939424936943
aadl-car-example_SoftwareApps_CruiseControl_impl_1.json,-0.0778834692827779
AADL-Designer_CruiseControl_Cruisecontrollaws_Model_1.json,-0.0018742040916171223
AADL-Designer_CruiseControl_Cruisecontrol_Generic_1.json,-0.0695407869951715
AADL-Designer_CruiseControl_Hci_Model_1.json,-0.044639706125435615
AADL-Designer_demo_subsystem_subsystem_test_impl_1.json,0.47484361245315687
aadl-examples_FC_FlightController_Impl_1.json,0.09605645821572999
aadl-examples_FC_FlightController_Impl_2.json,0.09564178385881714
aadl-examples_GS_GroundStation_Impl_1.json,0.01175713300358386
aadl-examples_GS_GroundStation_Impl_2.json,0.015603524661102335
aadl-examples_Hardware_PCB_clock_1.json,0.06462777806990147
aadl-examples_Hardware_PCB_i_1.json,0.09900441640414834
aadl-examples_Hardware_PCB_mp_1.json,0.05833237063833839
aadl-examples_Hardware_PCB_power_1.json,0.057033969006500464
aadl-examples_Human_Machine_Interface_HMI_i_1.json,0.10800513208500044
aadl-examples_iPCA_Context_Open_PCA_Context_i_1.json,-0.11710117377584738
aadl-examples_iPCA_Context_Other_Medical_Device_imp_1.json,0.04749046215648346
aadl-examples_iPCA_Control_Panel_Control_Panel_i_1.json,-0.08843792809321092
aadl-examples_iPCA_Hardware_PCB_iPCA_i_1.json,0.05036680726180299
aadl-examples_iPCA_Operation_iPCA_Operation_i_1.json,-0.17975887110312563
aadl-examples_iPCA_Peripherals_iPCA_Fluid_i_1.json,-0.005954612060412924
aadl-examples_iPCA_Power_Power_i_1.json,-0.045208840600013914
aadl-examples_MC_MissionComputer_Impl_1.json,0.026361418355666338
aadl-examples_MC_MissionComputer_Impl_2.json,-0.062206118123532474
aadl-examples_MC_MissionComputer_Impl_3.json,-0.09018084666971272
aadl-examples_Operation_Operation_i_1.json,-0.035389062280635535
aadl-examples_Peripherals_Sensors_Actuators_i_1.json,-0.0014391096148720069
aadl-examples_Security_Security_System_cp_1.json,-0.005641669400859778
aadl-examples_Security_Security_System_i_1.json,-0.007878976544611404
aadl-examples_Separation_VP_sel4_1.json,0.023839494463657244
aadl-examples_Separation_VP_xen_1.json,0.37788549963535906
aadl-examples_SW_SW_Impl_1.json,0.0117232570705609
aadl-examples_UAS_UAS_Impl_1.json,-0.016497055784857897
aadl-examples_UAV_UAV_Impl_1.json,0.02157855909834774
aadl-gumbo_TempControlSoftwareSystem_TempControlSoftwareSystem_isoControl_1.json,0.06746820363573092
aadl-gumbo_TempControlSoftwareSystem_TempControlSoftwareSystem_i_1.json,0.05709314023952574
aadl-m2dl-2019_gears_system_digital_part_dp1_1.json,-0.030100050781594234
aadl-map-apps_PCA_Shutoff_PCA_Shutoff_System_imp_1.json,0.0337588747648745
aadl-map-apps_PulseOx_Forwarding_System_PulseOx_Forwarding_System_imp_1.json,0.11859389897820659
AADL-MDSD_myModel_simpleSystem_impl_1.json,0.17712318485508546
AADL-MDSD_sr_system_srs_impl_1.json,0.17712318485508546
aadl-models_emtest_Dependable_System_Notional_1.json,-0.11974579444698347
aadl-models_emtest_Subsystem_Notional_1.json,0.0711635485911602
aadl-models_peterexample_main_i_1.json,0.08497176086133909
aadl-models_test_foo_bar_1.json,0.05466948381078544
aadl-networking-refmodel_AFDX_PreSynthesis_AFDX_PreSynthesis_i_1.json,-0.048484850775760965
aadl-networking-refmodel_AFDX_PreSynthesis_HW_Platform_i_1.json,-0.04289937488256588
aadl-networking-refmodel_AFDX_PreSynthesis_Module_i_1.json,0.07134754735940978
aadl-networking-refmodel_Basic_AFDX_Model_Basic_AFDX_Model_i_1.json,-0.014625401235593286
aadl-networking-refmodel_Basic_AFDX_Model_HW_Platform_i_1.json,-0.04667346413496238
aadl-networking-refmodel_Basic_AFDX_Model_Module_i_1.json,0.07444389780067999
aadl-networking-refmodel_Software_Layer_Software_Layer_i_1.json,0.1896999513607552
aadl-networking-refmodel_TTE_Model_HW_Platform_i_1.json,-0.07901722041777179
aadl-networking-refmodel_TTE_Model_Module_i_1.json,0.06912936916977667
aadl-networking-refmodel_TTE_Model_TTE_Model_i_1.json,-0.06279251935801135
aadl-qa_accessconn_gpses_i_1.json,-0.08423109001119435
aadl-qa_accessconn_top_i_1.json,0.11708759084805563
aadl-qa_bug155Logi_SysLog_Imp_1.json,0.11242504927931687
aadl-qa_bug155PlatSys_Foo_Imp_1.json,-0.028229670860382174
aadl-qa_bug155Plat_SysComp_Imp_1.json,0.12280648184589928
aadl-qa_bug155Plat_SysPlat_Imp_1.json,0.14911024092391387
aadl-qa_CarSystem_carRT_impl_1.json,0.04862136749116322
aadl-qa_connectioninheritance_se_i_1.json,0.15956794474150218
aadl-qa_connectioninheritance_s_i_1.json,0.16444033982144604
aadl-qa_connectioninheritance_top_iext_1.json,0.09479093068757721
aadl-qa_connectioninheritance_top_i_1.json,0.09470185008998198
aadl-qa_connectiontiming_s_i_1.json,0.12202544237601835
aadl-qa_connname_pth_i_1.json,0.05512433558217907
aadl-qa_connname_src_i_1.json,0.2945502023822238
aadl-qa_connname_top_basic_1.json,0.02552880436591785
aadl-qa_emv2_issue8_bus_subsystem_i_1.json,0.0981686743732105
aadl-qa_emv2_issue8_main_i_1.json,-0.0537047104170577
aadl-qa_etef_top_i_1.json,0.02942181629464852
aadl-qa_example2_root_impl_1.json,-0.06224184726218933
aadl-qa_example_root2_impl_1.json,-0.10171840292734648
aadl-qa_flowspeclat_src_i_1.json,0.2945502023822238
aadl-qa_flowspeclat_top_basic_1.json,0.02552880436591785
aadl-qa_issue158_s_i_1.json,0.12202544237601835
aadl-qa_issue164_s_i_1.json,0.11678734091965749
aadl-qa_issue168_App1_impl_1.json,0.0464916405709818
aadl-qa_issue168_App2_impl_1.json,0.0464916405709818
aadl-qa_issue168_SWsystem_impl_1.json,0.152043459743771
aadl-qa_issue168_topSystem_impl_1.json,0.18472835158749015
aadl-qa_issue171_s_i_1.json,0.12202544237601835
aadl-qa_issue176_SysParent_Imp_1.json,0.16381061541020966
aadl-qa_issue177_SysInverse2ofPFG_Imp_1.json,-0.01490012744365808
aadl-qa_issue182_test1_Test2_impl_1.json,0.29390383646385504
aadl-qa_issue182_test1_Test3_impl_1.json,0.29390383646385504
aadl-qa_issue182_test1_Test_impl_1.json,0.29390383646385504
aadl-qa_issue182_test1_Test_Subcompo2_impl_1.json,0.08568536708053537
aadl-qa_issue182_test1_Test_Subcompo3_impl_1.json,0.08568536708053537
aadl-qa_issue182_test1_Test_Subcompo_impl_1.json,0.08568536708053537
aadl-qa_issue182_test2_Test2_impl_1.json,-0.16607387506229998
aadl-qa_issue182_test2_Test_impl_1.json,0.29390383646385504
aadl-qa_issue182_test2_Test_Subcompo2_impl_1.json,0.14098214291726485
aadl-qa_issue182_test2_Test_Subcompo_impl_1.json,0.08568536708053537
aadl-qa_issue208_2_gpses_i_1.json,0.13312391718857486
aadl-qa_issue208_2_receiver_i_1.json,0.10561157585926155
aadl-qa_issue208_2_top_i_1.json,0.21289516534432498
aadl-qa_issue208_gpses_i_1.json,0.13728928417539674
aadl-qa_issue208_receiver_i_1.json,0.10561157585926155
aadl-qa_issue208_top_i_1.json,0.20909829572384847
aadl-qa_issue214_top_impl_1.json,-0.20001073247240342
aadl-qa_issue236_root_impl_1.json,-0.0933621617283777
aadl-qa_issue270_A_test_1.json,0.3617240755500095
aadl-qa_issue277_TestSys_Impl_1.json,0.0004689817059766318
aadl-qa_issue289_NavSubsystem_Impl_1.json,0.14839870585809992
aadl-qa_issue291_B_impl2_1.json,0.17600665729859064
aadl-qa_issue291_B_impl3_1.json,0.4127197232316762
aadl-qa_issue291_B_impl_1.json,0.17600665729859064
aadl-qa_issue315_foo_bar_1.json,0.2502116678432591
aadl-qa_issue316_FACE653_DualCore_1.json,-0.02539027909820385
aadl-qa_issue317_Network_Imp_1.json,0.01600381561876238
aadl-qa_issue327_root_impl_1.json,-0.0661462715709953
aadl-qa_issue59_A_impl_1.json,-0.1388749545060122
aadl-qa_issue77_SA_impl_1.json,0.03569786106350662
aadl-qa_KSU_Isolette_isolette_dual_sensor_1.json,0.11516829285924499
aadl-qa_KSU_Isolette_isolette_single_sensor_1.json,0.12965202411273574
aadl-qa_KSU_Isolette_operator_interface_impl_1.json,-0.02129397618865205
aadl-qa_KSU_Isolette_thermostat_dual_sensor_impl_1.json,-0.0731691390688571
aadl-qa_KSU_Isolette_thermostat_single_sensor_impl_1.json,0.0732272793313528
aadl-qa_nameresolution_se_i_1.json,0.32319916956918465
aadl-qa_nameresolution_s_i_1.json,0.31635241876107467
aadl-qa_nameresolution_top_i_1.json,0.20901582041755454
aadl-qa_Nursery_Room_Normal_Operation_1.json,0.09001612803334988
aadl-qa_plugins_issue002_test_i_1.json,0.0196063000781028
aadl-qa_PositionControl_foo_bar_1.json,-0.02622018010912599
aadl-qa_RMAAadl_rma_impl_1.json,0.16941223556901103
aadl-qa_Sunseeker_Dist_Sunseekercontrolsystem_Type_Dist_1.json,0.02978946093249969
aadl-qa_Sunseeker_Local_Sunseekercontrolsystem_Type_Local_1.json,0.1079088695736253
aadl-qa_SYSTEM_IMPLEMENTATION_TC1_T_I_1.json,0.3120731292816654
aadl-qa_test2_s_i_1.json,0.40579026111211114
aadl-qa_test_blackboard_root_impl_1.json,-0.005472134227597516
aadl-qa_test_dest_base_1.json,-0.081087895502379
aadl-qa_test_init_base_1.json,-0.07861313419940201
aadl-qa_test_lua_lua_impl_1.json,0.17574849073994125
aadl-qa_test_package_refined_isolated_Test_System_impl2_1.json,0.12651517482837138
aadl-qa_test_package_refined_Test_System_impl1_1.json,0.12651517482837138
aadl-qa_test_package_refined_Test_System_impl2_1.json,0.12651517482837138
aadl-qa_test_package_refined_Test_System_impl3_1.json,0.12651517482837138
aadl-qa_test_package_refined_Test_System_impl4_1.json,0.12651517482837138
aadl-qa_test_package_refined_Test_System_impl5_1.json,0.12651517482837138
AADL-Self-driving-car_integration_integration_functional_1.json,0.05133015176292652
AADL-Self-driving-car_integration_integration_functional_2.json,0.07372262037349828
AADL-Self-driving-car_integration_integration_functional_3.json,0.07232945902615609
AADL-Self-driving-car_integration_integration_functional_4.json,0.0717199109531813
AADL-Self-driving-car_integration_integration_hardware_1.json,0.06405231989822109
AADL-Self-driving-car_integration_integration_hardware_2.json,0.06405830319945113
AADL-Self-driving-car_integration_integration_hardware_3.json,0.06492176783997763
aadl-shutter_smartshutter_SmartShutterSystem_impl_1.json,-0.14690938381871463
AADL-SmartParkingApplication_InformationServiceProvider_ISP_impl_1.json,0.09140027558689763
AADL-SmartParkingApplication_RSE_RSEOwner_impl_1.json,-0.09334562075603048
AADL-SmartParkingApplication_SmartParkingSystem_tispSys_impl_1.json,0.0035564637927366204
aadl-sysml_Pilot_Flying_Cross_Channel_Bus_Cross_Channel_Bus_Impl_1.json,0.0014529762607901333
aadl-sysml_Pilot_Flying_Pilot_Flying_Pilot_Flying_Impl_1.json,0.06740148395884413
aadl-sysml_Pilot_Flying_Pilot_Flying_Side_Logic_Pilot_Flying_Side_Logic_Impl_1.json,0.0315765947835042
aadl-sysml_Pilot_Flying_Side_Side_Impl_1.json,0.05976143880849914
aadl-sysml_Signals_Fall_Fall_Impl_1.json,-0.008867869268733992
aadl-sysml_Signals_Rise_Rise_Impl_1.json,0.007435044005786028
aadl-translator_Device_AADL_Test_Abstract_Device_Illegal_Port_Name_Device_AADL_Test_Abstract_Device_Illegal_Port_Name_impl_1.json,0.14902309436047667
aadl-translator_Device_AADL_Test_Abstract_Device_Missing_Data_Type_Responder_Device_AADL_Test_Abstract_Device_Missing_Data_Type_Responder_impl_1.json,0.13630667341467956
aadl-translator_Device_AADL_Test_Abstract_Device_Missing_Device_AADL_Test_Abstract_Device_Missing_impl_1.json,0.05650139049783594
aadl-translator_Device_AADL_Test_Abstract_Device_Missing_Ports_Device_AADL_Test_Abstract_Device_Missing_Ports_impl_1.json,0.10891603566539956
aadl-translator_Device_AADL_Test_System_Impl_Property_Missing_Credentials_Device_AADL_Test_System_Impl_Property_Missing_Credentials_impl_1.json,0.14276592066809618
aadl-translator_Device_AADL_Test_System_Impl_Property_Missing_ManufacturerModel_Device_AADL_Test_System_Impl_Property_Missing_ManufacturerModel_impl_1.json,0.155884910126391
aadl-translator_Device_AADL_Test_System_Impl_Property_Missing_Manufacturer_Device_AADL_Test_System_Impl_Property_Missing_Manufacturer_impl_1.json,0.15941771998599794
aadl-translator_Device_AADL_Test_System_Impl_Property_Missing_ModelNumber_Device_AADL_Test_System_Impl_Property_Missing_ModelNumber_impl_1.json,0.1440443852093916
aadl-translator_Device_AADL_Test_System_Impl_Property_Missing_SYSTYPE_Device_AADL_Test_System_Impl_Property_Missing_SYSTYPE_impl_1.json,0.15305467058711777
aadl-translator_NoninPulseOx_NoninPulseOx_impl_1.json,0.005312960611371438
aadl-translator_PulseOx_Forwarding_Bidirectional_System_PulseOx_Forwarding_Bidirectional_System_imp_1.json,0.12897761693353524
aadl-translator_PulseOx_Forwarding_DevToDev_System_PulseOx_Forwarding_DevToDev_System_imp_1.json,0.1843594668197837
aadl-translator_PulseOx_Forwarding_Duplicate_System_Duplicate_System_imp_1.json,-0.10322302944450072
aadl-translator_PulseOx_Forwarding_Duplicate_System_PulseOx_Forwarding_Duplicate_System_imp_1.json,0.13992920664780628
aadl-translator_PulseOx_Forwarding_System_PulseOx_Forwarding_System_imp_1.json,0.1318438652204901
aadl-translator_PulseOx_Forwarding_System_PulseOx_Forwarding_System_imp_2.json,0.13777620518916234
aadl-translator_PulseOx_IncDataPort_System_PulseOx_Forwarding_System_imp_1.json,0.1441934051814091
aadl-translator_SimpleCapnograph_SimpleCapnograph_impl_1.json,0.06473231694955513
aadl-translator_SimplePCA_SimplePCA_impl_1.json,-0.058994410244069234
AADL-Tutorial_syst_SecuritySystem_with_devices_1.json,-0.027333392768350978
AADL-Wobbuloscope_Wobbuloscope_Wobbuloscope_impl_1.json,-0.036965197024052605
aadl2uppaal_Bouncing_Ball_sys_ball_impl_1.json,0.07965180169298053
AADLib_ADIRU_ADIRU_DeOS_1.json,0.05681108759982191
AADLib_ADIRU_ADIRU_EMV2_1.json,-0.03228691570960644
AADLib_ADIRU_ADIRU_impl_1.json,0.058742152540916893
AADLib_ADIRU_ADIRU_VxWorks653_1.json,0.058567603642341
AADLib_AOCS_AOCS_Subsystem_impl_1.json,0.04135329955620946
AADLib_arincexample2_arinc653system_impl_1.json,0.46687671066108266
AADLib_arincexample2_module1_system_impl_1.json,-0.28719906294127684
AADLib_arincexample2_module2_system_impl_1.json,-0.23068383139136647
AADLib_autopilot_subsys_MCU0_Impl_1.json,-0.11733520887367477
AADLib_AvionicsBusManagers_AvionicsBusMgr_XPS8500_1.json,0.021392075061572143
AADLib_Blocks_FPA_block_without_runtime_i_1.json,0.01594376533258805
AADLib_Blocks_FPA_block_with_runtime_i_1.json,-0.05656850533477607
AADLib_Blocks_memory_management_eight_links_i_1.json,0.019275692893017875
AADLib_Blocks_memory_management_two_links_i_1.json,-0.081977918296007
AADLib_Blocks_obc_i_1.json,0.03317980637748161
AADLib_Car_Car_impl_1.json,0.0021785775544634054
AADLib_DMS_door_management_imp_1.json,-0.05522781388388281
AADLib_emaxxv2_power_distrib_emaxxv2_power_1.json,0.14961490565552588
AADLib_emaxxv2_system_emaxxv2_impl_1.json,0.17957123123717111
AADLib_Flight_Control_System_fcs_impl_1.json,-0.15571836491721608
AADLib_Flowlatencydata_application_allperiodicdelayed_1.json,0.03297711772004361
AADLib_Flowlatencydata_topsystem_distributedallperiodicdelayed_1.json,0.03237887844821992
AADLib_Flowlatencysampleddata_application_alldatadriven_1.json,0.14165501139357006
AADLib_Flowlatencysampleddata_application_allperiodicsampled_1.json,0.1400604192746425
AADLib_Flowlatencysampleddata_hardwareplatform_dual_1.json,-0.23966267272939792
AADLib_Flowlatencysampleddata_hardwareplatform_single_1.json,0.04347492771036598
AADLib_Flowlatencysampleddata_topsystem_alldatadriven_1.json,0.13467526210875708
AADLib_Flowlatencysampleddata_topsystem_allperiodicsampled_1.json,0.13538852277079072
AADLib_Flowlatencysampleddata_topsystem_distributedalldatadriven_1.json,0.039930367027100816
AADLib_flyByWire_subsys_MCU1_Impl_1.json,0.11597806417986399
AADLib_fms_fms_impl_1.json,-0.22019333781971132
AADLib_Hello_World_hello_impl_1.json,-0.022857853746884284
AADLib_Hello_World_hello_impl_2.json,0.1322799549974024
AADLib_ISR_Ticker_System_impl_1.json,-0.07527141368130456
AADLib_Main_Ardupilot_Ardupilot_Map_impl_1.json,-0.018156226922795272
AADLib_Main_Ardupilot_Ardupilot_Shield_impl_1.json,0.14962609865524162
AADLib_mars_pathfinder_sys_mars_pathfinder_correct_1.json,-0.08413578275923086
AADLib_mars_pathfinder_sys_mars_pathfinder_impl_1.json,-0.0845356434490229
AADLib_MinePump_BA_MinePump_impl_1.json,-0.06632221272998864
AADLib_MinePump_MinePump_impl_1.json,-0.06632221272998864
AADLib_minirocket_system_minirocket_impl_1.json,0.12014659198479827
AADLib_Mixin_Demo_impl_1.json,-0.029372144038191387
AADLib_MoDeVVa_modevva_impl_1.json,0.04261486394738524
AADLib_Pacemaker_Pkg_DeviceControllerMonitor_others_1.json,-0.12475553953933918
AADLib_paparazzi_system_airborne_impl_1.json,0.16998618775358593
AADLib_paparazzi_system_paparazzi_basic_archi_1.json,0.18288803822115346
AADLib_paparazzi_system_paparazzi_PnP_tasks_interruptions_1.json,0.18333037120748238
AADLib_paparazzi_system_paparazzi_PP_tasks_AP_interruptions_1.json,0.18303363314587442
AADLib_paparazzi_system_paparazzi_PP_tasks_interruptions_1.json,0.18265972418206314
AADLib_PartitionedSystemExample_arincsystem_impl_1.json,0.10452599877237022
AADLib_Perseus_Perseus_Rocket_impl1_1.json,0.08145556709369418
AADLib_Perseus_Perseus_Rocket_Master_1.json,0.08210696343859607
AADLib_PING_PING_IMA_1.json,0.11579207946790442
AADLib_Prodcons_vxworks_impl_1.json,-0.03341504827898074
AADLib_quadrirotorv0_system_arm7_i_1.json,0.11988695847917943
AADLib_quadrirotorv0_system_arm9_i_1.json,0.1391030422448306
AADLib_quadrirotorv0_system_quadrirotorv0_impl_1.json,0.17113465458235327
AADLib_quadrirotorv1_system_quadrirotorv1_impl_1.json,0.16595092327737337
AADLib_radar_system_radar_simple_1.json,0.031041927525412925
AADLib_RAP_Code_RAP_Native_1.json,0.022244387564701363
AADLib_RAP_RAP_ERC32_ORK_1.json,0.036303815678820975
AADLib_RAP_RAP_GENERIC_IMPL_1.json,0.05696183727874834
AADLib_RAP_RAP_LEON_ORK_1.json,0.03684719028439324
AADLib_RAP_RAP_LEON_RTEMS_1.json,0.056916092178368446
AADLib_RAP_RAP_Native_1.json,-0.08315633840663293
AADLib_Ravenscar_Example_Case_Study_LEON_Local_1.json,-0.09047343968466764
AADLib_RMAAadl_rma_impl_1.json,0.14477813393546082
AADLib_Robot_BA_robot_i_1.json,0.03671382676861018
AADLib_Robot_LF_Line_Follower_Robot_i_1.json,0.012039935345876268
AADLib_Robot_robot_i_1.json,0.037138729653355324
AADLib_Round_Robin_RR_impl_nopreempt_1.json,-0.11425190778643497
AADLib_Round_Robin_RR_impl_preempt_1.json,-0.11730170110515663
AADLib_satellite_system_OBMU_Impl_1.json,-0.0720173909615774
AADLib_SMP01_smp01_impl_1.json,0.04042582488498719
AADLib_STM32Discovery_Ada_blinky_impl_1.json,0.09966432639875857
AADLib_subsystem_m1_system_impl_1.json,0.04605222238955189
AADLib_subsystem_m2_system_impl_1.json,0.038114370175993506
AADLib_subsystem_m3_system_impl_1.json,0.03607299435728305
AADLib_subsystem_m4_system_impl_1.json,0.0187009267278536
AADLib_Time_Triggered_tt_impl_1.json,-0.07587647090495524
AADLib_traxsterv3_system_traxsterv3_impl_1.json,0.16207925664303727
AADLModel_HomeSecuritySystem_HSS_SecuritySystem_with_devices_1.json,0.1532440327837173
AADLModel_SmartThermostat_thermostat_arch_Generator_impl_1.json,0.17413635028242233
AADLModel_SmartThermostat_thermostat_arch_Temp_sensor_impl_1.json,-0.16290108448023968
AADLModel_SmartThermostat_thermostat_arch_Thermostat_Controller_impl_1.json,-0.0019659273348302643
AADLModel_SmartThermostat_thermostat_arch_thermostat_impl_1.json,0.05341242182876936
AadlProjects_smartparking_communicationsupport_impl_1.json,-0.07094009595855508
AadlProjects_smartparking_driver_impl_1.json,0.049779202619274626
AadlProjects_smartparking_parkelecpaymt_impl_1.json,-0.00251786473330067
AadlProjects_smartparking_parkingsystem_impl_1.json,-0.01600659163177495
AadlProjects_smartparking_parkmgmtsys_impl_1.json,0.11875114707406899
AadlProjects_smartparking_parkmgmt_impl_1.json,0.013540299606102361
AadlProjects_smartparking_persinfodev_impl_1.json,0.10710015697767794
AadlProjects_smartparking_persInteractvTravInfo_impl_1.json,0.05721079084785908
AadlProjects_smartparking_personallocmanagement_impl_1.json,0.046808853125166486
AadlProjects_smartparking_roadsideequip_impl_1.json,0.08349958524529116
AadlProjects_smartparking_roadsideinforeception_impl_1.json,0.05516861012441987
AadlProjects_smartparking_RSEparkmgmt_impl_1.json,0.09441268691618507
AadlProjects_smartparking_SmartParkingSystem_impl_1.json,-0.000255349695756492
AadlProjects_smartparking_TICDataColl_impl_1.json,0.07112946151081509
AadlProjects_smartparking_TICInteractvTravInfo_impl_1.json,0.007808393363355084
AadlProjects_smartparking_transinfoctr_impl_1.json,-0.09383291136171304
AadlProjects_smartparking_vehbasesafe_impl_1.json,-0.05366824093335413
AadlProjects_smartparking_vehicleobe_impl_1.json,0.026848661908491955
AadlProjects_Speedwrisic_RoadAssistanceITS_impl_1.json,0.06619014275581632
AadlProjects_Speedwrisic_RSEquip_impl_1.json,-0.08266946491270702
AadlProjects_Speedwrisic_Speed_impl_1.json,-0.04265281101733763
AadlProjects_Speedwrisic_TMInfo_impl_1.json,0.04698409060894328
AadlProjects_Speedwrisic_Vehicletransit_impl_1.json,-0.0831520615610224
AadlProjects_vtv_remoteVehicleOBE_impl_1.json,0.014452002701228244
AadlProjects_vtv_transOperator_impl_1.json,0.017245297259589117
AadlProjects_vtv_transvobe_impl_1.json,0.025968979195813723
AadlProjects_vtv_VehicleTransitSystem_impl_1.json,-0.05473138164472848
aadlv2_issue_16_Child_impl_1.json,-0.017537352124126007
aadlv2_issue_16_Parent_impl_1.json,-0.019309721457357366
AADLVending_Sterownik_VendingMachineSterownik_with_Devices_1.json,0.10540480426188781
AADLVending_Sterownik_VendingMachineSterownik_with_Devices_2.json,0.10481540552312336
AADL_Architecture_MarsPathfinder_PT_system_simple_1.json,-0.027334372209806286
AADL_FEES_Board_STM32_STM32L476_Discovery_impl_1.json,0.046078409325697636
AADL_FEES_FEES_FEES_impl_1.json,-0.04473106457470633
aadl_ils_project_ils_ils_impl_1.json,-0.07924512517490577
aadl_model_Bankomat_AtmSystem_with_devices_1.json,0.1336489629629708
AADL_RASPBERRY_smacz_HumanActivityMonitoringSystem_impl_1.json,0.02806275411118627
AASPE_automotive_system_car_cherokee_1.json,0.08988936411639493
AASPE_automotive_system_integration_attack_1.json,0.09412993195265976
AASPE_automotive_system_integration_i_1.json,0.07208306420595677
AASPE_security_cwe131_main_correct_1.json,0.3370274002820089
AASPE_security_cwe131_main_incorrect_1.json,-0.29313394891071026
AASPE_security_cwe131_main_i_1.json,-0.28790885660622817
AASPE_security_cwe311_main_failure1_1.json,-0.14533469599716564
AASPE_security_cwe311_main_i_1.json,-0.13803475340208485
AASPE_security_cwe311_main_success1_1.json,-0.14095139897992204
AASPE_security_cwe311_main_success2_1.json,-0.14095139897992204
AASPE_security_cwe362_main_correct_1.json,0.1275658891634945
AASPE_security_cwe362_main_incorrect_1.json,0.18194438816176298
AASPE_security_cwe362_main_i_1.json,0.20226841497247772
AASPE_security_cwe805_main_failure_array_1.json,0.179792040985434
AASPE_security_cwe805_main_failure_float_1.json,0.18014149044158564
AASPE_security_cwe805_main_failure_int_1.json,-0.18686455483514705
AASPE_security_cwe805_main_success_array_1.json,-0.18651744796594
AASPE_security_cwe805_main_success_float_1.json,0.18236056648833524
AASPE_security_cwe805_main_success_int_1.json,0.18443196137785436
AASPE_security_r0_main_correct_1.json,0.10091035167313986
AASPE_security_r0_main_incorrect_1.json,0.10175523789665084
AASPE_security_r0_main_i_1.json,0.1027465153011286
AASPE_security_r1_main_correct_1.json,0.3525081070242152
AASPE_security_r1_main_incorrect_1.json,0.3522085900210595
AASPE_security_r1_main_i_1.json,0.3520121686695451
AASPE_security_r2_main_correct_1.json,0.5048638485253403
AASPE_security_r2_main_incorrect_1.json,0.5059187063543328
AASPE_security_r2_main_i_1.json,0.5064965387833493
AASPE_security_r3_main_correct1_1.json,0.5055633172095575
AASPE_security_r3_main_correct2_1.json,0.47362151923620255
AASPE_security_r3_main_incorrect1_1.json,0.5047072361561586
AASPE_security_r3_main_incorrect2_1.json,0.472959201793914
AASPE_security_r3_main_i_1.json,0.5065674026643756
AASPE_security_r4_main_correct1_1.json,-0.18980313640803168
AASPE_security_r4_main_correct2_1.json,-0.18980313640803168
AASPE_security_r4_main_incorrect_1.json,-0.1553388700267618
AASPE_security_r4_main_i_1.json,-0.13662828937745541
AASPE_security_r5_main_correct_1.json,0.03565726505431777
AASPE_security_r5_main_incorrect1_1.json,0.08110207644804378
AASPE_security_r5_main_incorrect2_1.json,0.08110207644804378
AASPE_security_r5_main_incorrect3_1.json,0.08110207644804378
AASPE_security_r5_main_incorrect4_1.json,0.08110207644804378
AASPE_security_r5_main_i_1.json,0.11174888277643115
AASPE_security_r6_main_correct_1.json,0.10667001271393435
AASPE_security_r6_main_incorrect_1.json,0.10500207318434134
AASPE_security_r6_main_i_1.json,0.11164934109406914
AASPE_security_r7_integration_fail1_1.json,0.14684663269651663
AASPE_security_r7_integration_fail2_1.json,0.14931673445154142
AASPE_security_r7_integration_fail3_1.json,0.14931673445154142
AASPE_security_r7_integration_i_1.json,0.16393349483610298
AASPE_security_r7_integration_success1_1.json,0.09069348806070276
AASPE_security_r7_integration_success2_1.json,0.08789027220224215
AASPE_security_r7_integration_success4_1.json,0.17809909837271645
AASPE_security_timing_requirements_main_correct_1.json,-0.3018516605967349
AASPE_security_timing_requirements_main_incorrect_1.json,-0.24524765421624545
AASPE_security_timing_requirements_main_i_1.json,-0.21318627544093272
AASPE_sel4_bb_serial_main_beaglebone_1.json,-0.0060882504563033795
AASPE_sel4_hello_world_hello_impl_1.json,0.07233053596859734
AASPE_sel4_ping_pong_event_ping_beaglebone_1.json,0.10391719420582513
AASPE_sel4_ping_pong_event_ping_impl_1.json,0.09932407674555668
AASPE_sel4_ping_pong_event_ping_kzm_1.json,0.10378847301021947
AASPE_sel4_ping_pong_event_ping_x86_1.json,0.10308163193108798
AASPE_sel4_ping_pong_ping_beaglebone_1.json,0.09166806783158689
AASPE_sel4_ping_pong_ping_impl_1.json,0.08521297939658844
AASPE_sel4_ping_pong_ping_kzm_1.json,0.09143673711552112
AASPE_sel4_ping_pong_ping_x86_1.json,0.09266177753564885
AASPE_sel4_two_tasks_twotasks_beaglebone_1.json,0.1048084630705557
AASPE_sel4_two_tasks_twotasks_impl_1.json,0.10488266289856006
AASPE_sel4_two_tasks_twotasks_kzm_1.json,0.10278554317333374
AASPE_sel4_two_tasks_twotasks_x86_1.json,0.10288383651907838
adiru_aadl_Adiru_ADIRU_impl_1.json,-0.08823982745785501
adiru_aadl_other_system_fmc_system_impl_1.json,0.019488421135199028
adiru_aadl_subsystem_adr_system_impl_1.json,-0.0036383222358427974
adiru_aadl_subsystem_ir_system_impl_1.json,0.057342857116449264
Aircraft_aircraft_functional_aircraft_functional_model_1.json,0.10876806551371408
air_Ex1_s_i_1.json,-0.020993622417893754
air_Ex2_s_i_1.json,0.0428564457353257
air_Ex2_wrapper_i_1.json,-0.05094573538380272
air_Ex3_as_i_1.json,0.08119204847112413
air_Ex3_bs_i_1.json,0.04371669427207754
air_Ex3_wrapper_i_1.json,-0.12570413592241841
alisa-response-time_Simple_system_Computation_chain_Impl_1.json,-0.1393078421459392
An-AADL-Model-of-Smart-Home-System_Clients_Clients_impl_1.json,0.05799633190675136
An-AADL-Model-of-Smart-Home-System_MainControlRouter_MainControlRouter_impl_1.json,0.042260797945278566
An-AADL-Model-of-Smart-Home-System_RemoteServer_RemoteServer_impl_1.json,0.05201035622245156
An-AADL-Model-of-Smart-Home-System_smart_home_system_smart_home_impl_1.json,-0.053903358508266906
APS-Communication_Architecture_AidsToNavigation_AidsToNavigation_impl_1.json,0.11179256741222482
APS-Communication_Architecture_APS_APSCommunication_impl_1.json,0.36424073384731775
APS-Communication_Architecture_APS_ASC_Backup_impl_1.json,-0.14223786416508258
APS-Communication_Architecture_APS_ASC_impl_1.json,0.042333292116508464
APS-Communication_Architecture_APS_ASC_Main_impl_1.json,0.09897620742932389
APS-Communication_Architecture_APS_AuxiliarySystem_impl_1.json,-0.0018276413198341807
APS-Communication_Architecture_APS_BMS_impl_1.json,-0.06041879116191248
APS-Communication_Architecture_APS_COLAVandSSITAW_Backup_impl_1.json,-0.01256529555439755
APS-Communication_Architecture_APS_COLAVandSSITAW_impl_1.json,0.00027770353383239763
APS-Communication_Architecture_APS_DockingSystem_impl_1.json,0.014285217434663199
APS-Communication_Architecture_APS_EmergencyButtonTransmitter_impl_1.json,-0.1263380949276767
APS-Communication_Architecture_APS_GNSS_IMU_Backup_impl_1.json,-0.04514046522556593
APS-Communication_Architecture_APS_GNSS_IMU_Main_impl_1.json,-0.045457623462071176
APS-Communication_Architecture_APS_IDS_impl_1.json,-0.026228626043570197
APS-Communication_Architecture_APS_IS3MS_impl_1.json,0.16557557308386303
APS-Communication_Architecture_APS_LogBook_impl_1.json,-0.11303228541800142
APS-Communication_Architecture_APS_MachinerySystem_impl_1.json,-0.18258883160779693
APS-Communication_Architecture_APS_NavigationSystem_Backup_impl_1.json,-0.048378246442460866
APS-Communication_Architecture_APS_NavigationSystem_Backup_impl_withRedundancy_1.json,0.3010491552795523
APS-Communication_Architecture_APS_NavigationSystem_impl_1.json,0.3301447836097277
APS-Communication_Architecture_APS_NavigationSystem_impl_withRedundancy2_1.json,0.3315236504247421
APS-Communication_Architecture_APS_NavigationSystem_impl_withRedundancy_1.json,0.340860597939463
APS-Communication_Architecture_APS_NetworkAndSystemManagement_impl_1.json,0.1096851475882868
APS-Communication_Architecture_APS_PMS_impl_1.json,-0.024811923680254477
APS-Communication_Architecture_APS_PowMS_impl_1.json,-0.013914307921829728
APS-Communication_Architecture_APS_SafetySystem_impl_1.json,-0.06038534437359974
APS-Communication_Architecture_APS_WANLoadBalancer_impl_1.json,0.36458793470040535
APS-Communication_Architecture_CloudComponent_APSCommunication_impl_1.json,0.27137763277757326
APS-Communication_Architecture_CloudComponent_CommunicationHubServer_impl_1.json,0.2980771345047473
APS-Communication_Architecture_ECT_APSCommunication_impl_1.json,0.3352724447522402
APS-Communication_Architecture_ECT_EmergencyButtonReceiver_impl_1.json,0.24394783795929542
APS-Communication_Architecture_Mobile5GNetwork_APSCommunication_impl_1.json,0.04033895762241613
APS-Communication_Architecture_Overall_APSCommunicationArchitecture_impl_1.json,0.20908111291227005
APS-Communication_Architecture_RCC_APSCommunication_impl_1.json,0.2636612435678618
APS-Communication_Architecture_RCC_ControlComputer_Backup_impl_1.json,0.24297885154666707
APS-Communication_Architecture_RCC_ControlComputer_Main_impl_1.json,0.23994523041879845
APS-Communication_Architecture_RCC_IDS_impl_1.json,0.3383579766917808
APS-Communication_Architecture_RCC_IS3MS_impl_1.json,0.16583660458922628
APS-Communication_Architecture_RCC_NetworkAndSystemManagement_impl_1.json,0.01383154660683855
APS-Communication_Architecture_Ship_APSCommunication_impl_1.json,0.2543322758565193
APS-Communication_Architecture_SSS_APSCommunication_impl_1.json,-0.11308597894947169
APS-Communication_Architecture_Stakeholder_APSCommunication_impl_1.json,0.3080506686319032
APS-Communication_Architecture_TIS_APSCommunication_impl_1.json,0.2817351152010013
arch-models-example-2_CruiseController_CruiseControllerSystem_Impl_1.json,0.05540766013648925
arch-models-example-2_DeliveryDrone_DeliveryDroneSystem_Impl_1.json,-0.040110481687786796
arch-models-example-2_GNC_GNC_Impl_1.json,0.008582384150522093
arch-models-example_ClientServer_ClientServer_impl_1.json,0.07974079898233956
arch-models-example_resourcebudgets_DCA_tier1_1.json,-0.023888512455424976
arch-models-example_resourcebudgets_DCA_tier2_1.json,0.01234275164756592
arch-models-example_resourcebudgets_DCS_dualtier2_1.json,0.19053672523748547
arch-models-example_resourcebudgets_DCS_singletier0_1.json,0.13074910350260144
arch-models-example_resourcebudgets_DCS_singletier1_1.json,0.16609901406439964
arch-models-example_resourcebudgets_DCS_singletier2_1.json,0.1335525970424713
arch-models-example_resourcebudgets_MySystem_Tier0_1.json,0.12058502559784066
arch-models-example_resourcebudgets_MySystem_Tier2_1.json,0.13904211798412627
arch-models-example_resourcebudgets_platform_dual_1.json,0.17384113337087853
arch-models-example_resourcebudgets_platform_single_1.json,0.15359704612205083
arch-models-example_resourcebudgets_SCS_dualtier2_1.json,0.13505254242910736
arch-models-example_resourcebudgets_SCS_tier0_1.json,0.18167465554511847
arch-models-example_resourcebudgets_SCS_tier1_1.json,0.18466295790848455
arch-models-example_resourcebudgets_SCS_tier2_1.json,0.14781596004802988
AuthInAADL_resolute_check_dataflow_filter_i_1.json,0.061783083672121604
AuthInAADL_resolute_check_dataflow_integration_i_1.json,0.11734115650374861
AuthInAADL_resolute_check_dataflow_receiver_i_1.json,-0.14686952255748667
AuthInAADL_resolute_check_dataflow_sender_i_1.json,-0.04778401866704145
AutoModelCheckerGeneration_aviation_GCAS_singleton_impl_1.json,0.034053197694876185
AutoModelCheckerGeneration_aviation_GeoFence_singleton_impl_1.json,0.058586086222095705
AutoModelCheckerGeneration_aviation_Supervised_System_impl_1.json,-0.08110672849297963
AutoModelCheckerGeneration_aviation_Supervisor_impl_1.json,-0.033928645716279925
AutoModelCheckerGeneration_aviation_TCAS_singleton_impl_1.json,0.03590280603718933
AutoModelCheckerGeneration_refuel_single_Refuel_singleton_impl_1.json,0.08167453208793654
AviationRequirementModeling_agree_temperature_controller_impl_1.json,0.0633830729530237
AviationRequirementModeling_agree_temperature_controller_impl_2.json,0.0633830729530237
AviationRequirementModeling_agree_temperature_control_panel_i_1.json,0.12301233388365412
AviationRequirementModeling_agree_temperature_control_panel_i_2.json,0.12301233388365412
AviationRequirementModeling_agree_temperature_cooler_impl_1.json,0.12120971409284115
AviationRequirementModeling_agree_temperature_cooler_impl_2.json,0.12120971409284115
AviationRequirementModeling_agree_temperature_heater_impl_1.json,0.061407086935312986
AviationRequirementModeling_agree_temperature_heater_impl_2.json,0.061407086935312986
AviationRequirementModeling_agree_temperature_integration_impl_1.json,0.07344841251658973
AviationRequirementModeling_agree_temperature_integration_impl_2.json,0.07344841251658973
AviationRequirementModeling_agree_temperature_temperature_sensor_i1_1.json,0.11787607763594915
AviationRequirementModeling_agree_temperature_temperature_sensor_i1_2.json,0.11787607763594915
AviationRequirementModeling_agree_temperature_temperature_sensor_i2_1.json,0.11787607763594915
AviationRequirementModeling_agree_temperature_temperature_sensor_i2_2.json,0.11787607763594915
AviationRequirementModeling_agree_temperature_temp_control_i_1.json,0.1092725360469453
AviationRequirementModeling_agree_temperature_temp_control_i_2.json,0.1092725360469453
AviationRequirementModeling_agree_temperature_voter_impl_1.json,-0.06091838772224527
AviationRequirementModeling_agree_temperature_voter_impl_2.json,-0.06091838772224527
AviationRequirementModeling_AviateControlLevel_Aviate_Control_Level_Aviate_Control_Level_impl_1.json,-0.020612620045770132
AviationRequirementModeling_AviateControlLevel_Aviate_Control_Level_Aviate_Control_Level_impl_2.json,-0.020151099222599483
AviationRequirementModeling_aviation_GCAS_singleton_impl_1.json,0.059141700620716185
AviationRequirementModeling_aviation_GCAS_singleton_impl_2.json,0.059141700620716185
AviationRequirementModeling_aviation_GeoFence_singleton_impl_1.json,0.0521239675789005
AviationRequirementModeling_aviation_GeoFence_singleton_impl_2.json,0.0521239675789005
AviationRequirementModeling_aviation_Supervised_System_impl_1.json,0.042266639176416314
AviationRequirementModeling_aviation_Supervised_System_impl_2.json,0.04238248271264471
AviationRequirementModeling_aviation_Supervisor_impl_1.json,0.11279732704703237
AviationRequirementModeling_aviation_Supervisor_impl_2.json,0.11279732704703237
AviationRequirementModeling_aviation_TCAS_singleton_impl_1.json,0.10743118873855949
AviationRequirementModeling_aviation_TCAS_singleton_impl_2.json,0.10743118873855949
AviationRequirementModeling_gcas_single_GCAS_singleton_impl_1.json,0.07493390840767544
AviationRequirementModeling_gcas_single_GCAS_singleton_impl_2.json,0.07493390840767544
AviationRequirementModeling_geofence_single_GeoFence_singleton_impl_1.json,-0.13454952168647175
AviationRequirementModeling_geofence_single_GeoFence_singleton_impl_2.json,-0.13454952168647175
AviationRequirementModeling_refuel_single_Refuel_singleton_impl_1.json,-0.12223145204420652
AviationRequirementModeling_refuel_single_Refuel_singleton_impl_2.json,-0.12223145204420652
AviationRequirementModeling_tcas_Instrumentation_impl_1.json,0.060079281307153634
AviationRequirementModeling_tcas_Instrumentation_impl_2.json,0.060079281307153634
AviationRequirementModeling_tcas_ManeuverTemplates_impl_1.json,0.0024406776044834473
AviationRequirementModeling_tcas_ManeuverTemplates_impl_2.json,0.0024406776044834473
AviationRequirementModeling_tcas_ResponseSelection_impl_1.json,0.033881240522814576
AviationRequirementModeling_tcas_ResponseSelection_impl_2.json,0.033881240522814576
AviationRequirementModeling_tcas_single_TCAS_singleton_impl_1.json,0.06480941951298307
AviationRequirementModeling_tcas_single_TCAS_singleton_impl_2.json,0.06480941951298307
AviationRequirementModeling_tcas_Surveillance_impl_1.json,0.052515144844034065
AviationRequirementModeling_tcas_Surveillance_impl_2.json,0.052515144844034065
AviationRequirementModeling_tcas_TCAS_impl_1.json,-0.09996949447569715
AviationRequirementModeling_tcas_TCAS_impl_2.json,-0.09997229653482174
AviationRequirementModeling_tcas_ThreatDetection_impl_1.json,0.058626909489684874
AviationRequirementModeling_tcas_ThreatDetection_impl_2.json,0.058626909489684874
AviationRequirementModeling_tcas_TrajectoryExtrapolation_impl_1.json,0.043257634661164675
AviationRequirementModeling_tcas_TrajectoryExtrapolation_impl_2.json,0.043257634661164675
AviationRequirementModeling_test_TrafficLight_small_1.json,0.0008049128806396295
AviationRequirementModeling_test_TrafficLight_small_2.json,0.0009607406995650828
bankomat_Bankomat_bankomat_impl_1.json,-0.15973061901995697
BLESS-models_Act_Actuator_common_1.json,0.034649279922326116
BLESS-models_Control_Controller_base_1.json,0.010482340129398469
BLESS-models_CTCS_MovementAuthority_i_1.json,-0.013319013822725831
BLESS-models_History_History_imp_1.json,-0.03325139539473757
BLESS-models_IoMTwin_Coordinator_impl_1.json,0.07793013895789672
BLESS-models_IoMTwin_PCA_Pump_impl_1.json,0.07826501740098993
BLESS-models_IoMTwin_Pulse_Oximeter_impl_1.json,-0.029958794430235913
BLESS-models_IoMTwin_Respiration_Monitor_impl_1.json,0.02952843533630713
BLESS-models_IoMTwin_SysIoMT_impl_1.json,0.042467695235557386
BLESS-models_KSU_Isolette_isolette_dual_sensor_1.json,0.02820044429948898
BLESS-models_KSU_Isolette_isolette_single_sensor_1.json,0.031848711920997745
BLESS-models_KSU_Isolette_operator_interface_impl_1.json,0.04731138329197095
BLESS-models_KSU_Isolette_thermostat_dual_sensor_impl_1.json,0.09949785295229624
BLESS-models_KSU_Isolette_thermostat_single_sensor_impl_1.json,0.09846398560217713
BLESS-models_MovAuth_sysMovAuth_impl_1.json,-0.07726386420081682
BLESS-models_MovAuth_Train_impl_1.json,0.015930993602073024
BLESS-models_Nursery_Room_Normal_Operation_1.json,0.0028857836633440124
BLESS-models_PACEMAKER_PG_imp_1.json,-0.027386886699831924
BLESS-models_PG_Pacemaker_imp_1.json,0.06998998927351921
BLESS-models_PositionControl_PositionControlSystem_FragileMultiStep_1.json,0.030579755013461274
BLESS-models_PositionControl_PositionControlSystem_FragileSingleStep_1.json,0.037052448888817306
BLESS-models_PositionControl_PositionControlSystem_RobustSingleStep_1.json,0.027285285982261376
BLESS-models_PO_ICEpoSystem_imp_1.json,-0.044564496845181385
BLESS-models_Sorting_inst_me_1.json,-0.01575746916402257
BLESS-models_Telemetry_Telemetry_imp_1.json,0.05685139790225201
BLESS-models_Timeout_S_i_1.json,-0.10023277869311169
BLESS-models_Train_Train_i_1.json,-0.03810882040099986
BLESS-models_vvi_mode_Implant_i_1.json,-0.031552311523528574
BLESS-models_vvi_mode_PG_i_1.json,0.005014252644325154
CarModelAADL_CarSystem_Car_impl_1.json,0.029538826874311763
CMPare_CMPare_CMPareSystem_Impl_1.json,0.10209188375649282
CMPare_CMPare_monitoringServer_Impl_1.json,0.026428986176354655
CMPare_CMPare_webServer_Impl_1.json,0.10079354970339134
CMPare_Customer_Service_CustomerService_Impl_1.json,0.07251372855483865
CMPare_deliver_system_Deliver_Impl_1.json,0.06711690761776942
CMPare_Order_System_Order_Impl_1.json,0.055602120607246196
CMPare_payment_payment_Impl_1.json,0.011853617389718631
CoffeeMachine_CoffeeMachineSystem_CoffeeMachineSystem_impl_1.json,-0.10777732505743941
CoffeeMachine_CoffeeMakerSubsystem_CoffeeMakerSystem_impl_1.json,-0.1805654450826774
CoffeeMachine_SystemEnvironment_SystemEnvironment_impl_1.json,-0.12522751922389647
collision_detection_aadl_avoidance_subsystem_avoidance_subsystem_impl_1.json,0.012206639194597054
collision_detection_aadl_complete_car_system_complete_car_impl_1.json,0.028067895135629364
collision_detection_aadl_networking_subsystem_networking_subsystem_standard_1.json,-0.06492158043705197
collision_detection_aadl_prediction_subsystem_prediction_subsystem_standard_1.json,0.07376970240258643
collision_detection_aadl_response_subsystem_response_subsystem_standard_1.json,0.018464967973086995
collision_detection_aadl_user_interaction_subsystem_user_interaction_subsystem_standard_1.json,0.07059431550262035
collision_detection_aadl_vehicle_actuation_vehicle_actuation_standard_1.json,-0.13793988336888077
Crazyflie_Crazyflie_Final_Crazyflie_Final_impl_1.json,-0.05079249977484052
Crazyflie_Crazyflie_functional_Crazyflie_Functional_Chain_impl_1.json,-0.08866320027664544
Crazyflie_Crazyflie_Hardware_Crazyflie_impl_1.json,0.03290657121540025
Crazyflie_Crazyflie_System_Crazyflie_System_impl_1.json,0.11853622135070538
CSCI445-Adventium-Labs-GUMBO-Plugin-2021_Pressure_Ctrl_Pressure_Ctrl_impl_1.json,0.07371380741173711
CSCI445-Adventium-Labs-GUMBO-Plugin-2021_Pressure_Ctrl_Pressure_Ctrl_impl_2.json,0.07416260588036615
CSCI445-Adventium-Labs-GUMBO-Plugin-2021_Radiation_Ctrl_Radiation_Ctrl_impl_1.json,0.052841872166274784
CSCI445-Adventium-Labs-GUMBO-Plugin-2021_Radiation_Ctrl_Radiation_Ctrl_impl_2.json,0.05141668876828134
CSCI445-Adventium-Labs-GUMBO-Plugin-2021_Sensor_System_SensorSys_impl_1.json,0.07794285877564681
CSCI445-Adventium-Labs-GUMBO-Plugin-2021_Sensor_System_SensorSys_impl_2.json,0.07794285877564681
CSCI445-Adventium-Labs-GUMBO-Plugin-2021_Temperature_Ctrl_Temperature_Ctrl_impl_1.json,0.14075342817369546
CSCI445-Adventium-Labs-GUMBO-Plugin-2021_Temperature_Ctrl_Temperature_Ctrl_impl_2.json,0.14027343495194763
DAPP_aadl_integration_integration_generic_1.json,0.032433429499030025
DAPP_aadl_integration_integration_write_owner_request_impl_1.json,0.02932586074754406
DHsystem_Accounts_DHaccounts_impl_1.json,-0.01787509959233159
DHsystem_Communications_DHcommunications_impl_1.json,-0.007088155329302655
DHsystem_Communications_DHgateway_impl_1.json,-0.034243452282359435
DHsystem_Configurations_DHconfig_impl_1.json,0.025684565572569415
DHsystem_Devices_DHdevices_impl_1.json,0.015981907870866983
DHsystem_Devices_humidity_impl_1.json,0.11697358342620867
DHsystem_Devices_power_impl_1.json,0.022365890323870204
DHsystem_Devices_security_impl_1.json,0.09879092929945044
DHsystem_Devices_thermo_impl_1.json,0.06589899911893411
DHsystem_Systems_DHsystem_impl_1.json,-0.1019249537764685
Drinks_vending_machine_aadl_DrinkMachine_DrinkMachineSystem_impl_1.json,0.08264106991127829
ElectricScooter-AADL_Controller_Scooter_Controller_i_1.json,0.1140747996847328
ElectronicTollCollection_Toll_Collection_DMV_impl_1.json,0.09906520197368561
ElectronicTollCollection_Toll_Collection_driver_impl_1.json,0.01666741626888485
ElectronicTollCollection_Toll_Collection_enforcement_center_impl_1.json,-0.18636677661208234
ElectronicTollCollection_Toll_Collection_financial_center_impl_1.json,-0.11912615253758098
ElectronicTollCollection_Toll_Collection_its_roadway_paymnt_equipment_impl_1.json,-0.06324211210462875
ElectronicTollCollection_Toll_Collection_other_payment_administration_impl_1.json,-0.2138296356726466
ElectronicTollCollection_Toll_Collection_pac_paymnt_administration_impl_1.json,0.025647015129826433
ElectronicTollCollection_Toll_Collection_payment_administration_center_impl_1.json,0.02588084243320443
ElectronicTollCollection_Toll_Collection_payment_administrator_impl_1.json,-0.11710876284146383
ElectronicTollCollection_Toll_Collection_payment_device_impl_1.json,0.011241324612222336
ElectronicTollCollection_Toll_Collection_personal_info_device_impl_1.json,-0.024877524840308952
ElectronicTollCollection_Toll_Collection_pers_interactive_travlr_info_impl_1.json,0.11620992653118209
ElectronicTollCollection_Toll_Collection_roadside_equipment_impl_1.json,-0.015100603186973639
ElectronicTollCollection_Toll_Collection_roadway_toll_collectn_support_impl_1.json,-0.06451013921231302
ElectronicTollCollection_Toll_Collection_rsetc_impl_1.json,-0.043245598184282794
ElectronicTollCollection_Toll_Collection_Toll_Collection_impl_1.json,-0.0022172391776656116
ElectronicTollCollection_Toll_Collection_vehicle_obe_impl_1.json,-0.024620141171859185
ElectronicTollCollection_Toll_Collection_veh_toll_paymnt_impl_1.json,0.013878441745349709
ErrorModelV2_AllFlows_FGS_impl_1.json,0.09782888487916211
ErrorModelV2_common_error1_main_commonsource_1.json,0.10071416076796007
ErrorModelV2_common_error2_main_commonevents_1.json,0.09889711019353357
ErrorModelV2_common_error3_main_commoneventssingleport_1.json,0.09455605591248951
ErrorModelV2_DualFGS_FGS_impl_1.json,0.14215715595076694
ErrorModelV2_FilteredFlows_FGS_impl_1.json,0.07204644726758991
ErrorModelV2_fta1test_main_i_1.json,-0.03993313723130153
ErrorModelV2_fta2test_main_i_1.json,-0.04005245150310034
ErrorModelV2_fta3Test_main_i_1.json,0.040940908524739514
ErrorModelV2_issue993_main_i_1.json,0.2157975618685861
ErrorModelV2_nestedcomposite_main_nestedstate_1.json,0.12295974830305681
ErrorModelV2_OptimizeTree_Top_impl_1.json,0.15190052722401826
ErrorModelV2_propagationpointfeaturetest_main_commonsource_1.json,0.050940434557854165
ErrorModelV2_propagationpointstest_main_commonsource_1.json,0.06404990047310401
ErrorModelV2_redundant2_main2_compositesametype_1.json,0.11353974034633395
ErrorModelV2_redundant2_main2_connection_1.json,0.11335174822850375
ErrorModelV2_redundant2_main2_transition_1.json,0.10041061814060179
ErrorModelV2_redundant_main_compositestate_1.json,0.12801991878555752
face2aadl_connectedClient_integration_model_IntegrationModel1_impl_1.json,0.3742992977421766
face2aadl_connectedClient_integration_model_IntegrationModel1_impl_2.json,0.374310443551629
face2aadl_connectedServer_integration_model_IntegrationModel1_impl_1.json,0.3743108276533319
face2aadl_connectedServer_integration_model_IntegrationModel1_impl_2.json,0.3743133628835032
face2aadl_descriptionOnIntegrationModel_integration_model_im_impl_1.json,0.49826820812993255
face2aadl_descriptionOnIntegrationModel_integration_model_im_impl_2.json,0.4988146521586508
face2aadl_duplicateNodeNames_integration_model_im_impl_1.json,0.48912730981831526
face2aadl_duplicateNodeNames_integration_model_im_impl_2.json,0.489129807068201
face2aadl_emptyIntegrationModel_integration_model_IntegrationModel1_impl_1.json,0.038362437777837634
face2aadl_emptyIntegrationModel_integration_model_IntegrationModel1_impl_2.json,0.038362437777837634
face2aadl_filteringNoFlows_integration_model_SelectedIntegrationModel_impl_1.json,0.4076142916419402
face2aadl_filteringNoFlows_integration_model_SelectedIntegrationModel_impl_2.json,0.40761073836909506
face2aadl_filteringPlatformOnly_integration_model_SelectedIntegrationModel_impl_1.json,0.4075890672355479
face2aadl_filteringPlatformOnly_integration_model_SelectedIntegrationModel_impl_2.json,0.4075916859436181
face2aadl_filtering_integration_model_SelectedIntegrationModel_impl_1.json,0.40760173057672205
face2aadl_filtering_integration_model_SelectedIntegrationModel_impl_2.json,0.40758868375496266
face2aadl_mergedThreeInSeries_integration_model_Merged_Integration_Models_1_impl_1.json,0.46266839270862403
face2aadl_mergedThreeInSeries_integration_model_Merged_Integration_Models_1_impl_2.json,0.462429882756522
face2aadl_mergedWithCycle_integration_model_Merged_Integration_Models_1_impl_1.json,0.45449185433612216
face2aadl_mergedWithCycle_integration_model_Merged_Integration_Models_1_impl_2.json,0.4560571244311184
face2aadl_mergedWithDescription_integration_model_Merged_Integration_Models_1_impl_1.json,0.47253419424434207
face2aadl_mergedWithDescription_integration_model_Merged_Integration_Models_1_impl_2.json,0.4739089639733395
face2aadl_mergedWithUUID_integration_model_Merged_Integration_Models_1_impl_1.json,0.47371147375221395
face2aadl_mergedWithUUID_integration_model_Merged_Integration_Models_1_impl_2.json,0.47290471930682787
face2aadl_mergingIntegrationModels_integration_model_Merged_Integration_Models_1_impl_1.json,0.46913808119519435
face2aadl_mergingIntegrationModels_integration_model_Merged_Integration_Models_1_impl_2.json,0.4698928919808126
face2aadl_mergingThreeIntegrationModels_integration_model_Merged_Integration_Models_1_impl_1.json,0.46957812573285274
face2aadl_mergingThreeIntegrationModels_integration_model_Merged_Integration_Models_1_impl_2.json,0.4698985128529257
face2aadl_multipleMergedUnits_integration_model_Merged_Integration_Models_1_impl_1.json,0.5124718984503343
face2aadl_multipleMergedUnits_integration_model_Merged_Integration_Models_1_impl_2.json,0.5124276763910782
face2aadl_multipleMergedUnits_integration_model_Merged_Integration_Models_2_impl_1.json,0.5020236037622426
face2aadl_multipleMergedUnits_integration_model_Merged_Integration_Models_2_impl_2.json,0.5034054199424521
face2aadl_multipleMergedUnits_integration_model_Merged_Integration_Models_3_impl_1.json,0.5008545022977121
face2aadl_multipleMergedUnits_integration_model_Merged_Integration_Models_3_impl_2.json,0.49935235059010463
face2aadl_noFlows_integration_model_im_impl_1.json,0.4632335693537637
face2aadl_noFlows_integration_model_im_impl_2.json,0.46370472310722005
face2aadl_TranslatorDemo_integration_model_im_impl_1.json,0.46370419556832876
face2aadl_TranslatorDemo_integration_model_im_impl_2.json,0.46371279405739396
face2aadl_uuidPlatformOnly_integration_model_IntegrationModel1_impl_1.json,0.4588565155424094
face2aadl_uuidPlatformOnly_integration_model_IntegrationModel1_impl_2.json,0.4594935414006812
face2aadl_uuid_integration_model_IntegrationModel1_impl_1.json,0.45948181550507267
face2aadl_uuid_integration_model_IntegrationModel1_impl_2.json,0.46093337039721216
face2aadl_viewSink_integration_model_IntegrationModel1_impl_1.json,0.2910354578177704
face2aadl_viewSink_integration_model_IntegrationModel1_impl_2.json,0.2903565763936551
face2aadl_viewSource_integration_model_IntegrationModel1_impl_1.json,0.2571303053411582
face2aadl_viewSource_integration_model_IntegrationModel1_impl_2.json,0.2574602196465026
FaultToleranceChecker_Simple_thermostat_th_impl_1.json,0.017391496431734176
fitlife_fitbit_controllor_impl_1.json,0.0513862795356543
fitlife_fitbit_wristband_with_devices_1.json,0.18106464607792364
fitlife_phoneStation_controllor_impl_1.json,-0.11199973274471564
fitlife_phoneStation_phoneStation_with_devices_1.json,-0.03933280524285454
FORA-AADL_baggageUC_UC_i_1.json,-0.026878092552913773
FORA-AADL_baseline_CommunicationModule_i_1.json,0.14453632679545483
FORA-AADL_baseline_ControlModule_i_1.json,0.15838552659569102
FORA-AADL_baseline_OperationModule_i_1.json,0.16011200496561892
FORA-AADL_components_Actuator_A1_1.json,0.0002647408513691925
FORA-AADL_components_Sensor_S1_1.json,0.026449142658560815
FORA-AADL_fcpbase_Drive_i_1.json,-0.12740073283367326
HomeAutomationAADL_HomeAutomation_HA_impl_1.json,0.04832811752377468
HybridSynchAADL_DroneControl_DroneControl_impl_1.json,0.17426752804965784
HybridSynchAADL_DroneControl_DroneControl_impl_2.json,0.119808859399693
HybridSynchAADL_Drone_Drone_impl_1.json,0.062447058084803386
HybridSynchAADL_Environment_Environment_impl_1.json,-0.012222441993602189
HybridSynchAADL_Environment_Environment_impl_2.json,0.06981948024258486
HybridSynchAADL_FourDronesSystem_FourDronesSystem_impl_1.json,0.06061927655244671
HybridSynchAADL_RefDrone_RefDrone_formation_1.json,0.10016875806276083
IPLProjects_Hello_World_rma_impl_1.json,0.06924452954798484
IPLProjects_map0_Map_i_1.json,0.31811823980648213
IPLProjects_map1_Map_i_1.json,0.3412095082458154
IPLProjects_map1_Map_i_2.json,0.3176543707114072
IPLProjects_map2_Map_i_1.json,0.3172393939450724
IPLProjects_map3a_Map_i_1.json,0.3206003378897559
IPLProjects_map3b_Map_i_1.json,0.3206003378897559
IPLProjects_pkg_multiproc_impl_1.json,-0.025644656851714173
IPLProjects_pkg_thing_impl2_1.json,0.019221903089453835
IPLProjects_pkg_thing_impl_1.json,-0.040452257084562286
IPLProjects_tasks_library_example_Library_i_1.json,-0.0038151311695513624
IPLProjects_tasks_library_simple_TaskLibrary_fullspeed_1.json,0.1812456697014294
IPLProjects_tasks_view_map0_simple_char_TaskLibrary_fullspeed_1.json,0.18425376934300333
IPLProjects_tasks_view_map0_simple_TaskLibrary_fullspeed_1.json,0.18313594140983042
IPLProjects_tasks_view_map0_wempty_char_TaskLibrary_fullspeed_1.json,0.16735859411337467
IPLProjects_tasks_view_map0_wempty_rot_char_TaskLibrary_fullspeed_1.json,0.17304310452042243
IPLProjects_tasks_view_map0_wempty_rot_TaskLibrary_fullspeed_1.json,0.17619674586346515
IPLProjects_tasks_view_map0_wempty_TaskLibrary_fullspeed_1.json,0.21065029211722316
IPLProjects_tasks_view_map1_simple_TaskLibrary_fullspeed_1.json,0.19798180239800928
IPLProjects_tasks_view_map1_wempty_char_TaskLibrary_fullspeed_1.json,0.24889041084527536
IPLProjects_tasks_view_map1_wempty_rot_char_TaskLibrary_fullspeed_1.json,0.31355772189817477
IPLProjects_tasks_view_map1_wempty_rot_TaskLibrary_fullspeed_1.json,0.3150559633045566
IPLProjects_tasks_view_map1_wempty_TaskLibrary_fullspeed_1.json,0.27413316060019527
IPLProjects_tasks_view_map2_simple_TaskLibrary_fullspeed_1.json,0.26497668213361986
IPLProjects_tasks_view_map2_wempty_char_TaskLibrary_fullspeed_1.json,0.25539421369472387
IPLProjects_tasks_view_map2_wempty_rot_char_TaskLibrary_fullspeed_1.json,0.25424690334403083
IPLProjects_tasks_view_map2_wempty_rot_TaskLibrary_fullspeed_1.json,0.2574164706872241
IPLProjects_tasks_view_map2_wempty_TaskLibrary_fullspeed_1.json,0.2804629133133052
IPLProjects_tasks_view_map3a_simple_TaskLibrary_fullspeed_1.json,0.2918077427920455
IPLProjects_tasks_view_map3a_wempty_rot_TaskLibrary_fullspeed_1.json,0.17563723855653368
IPLProjects_tasks_view_map3a_wempty_TaskLibrary_fullspeed_1.json,0.26694345303906153
IPLProjects_tasks_view_map3b_simple_TaskLibrary_fullspeed_1.json,0.3250038461934879
IPLProjects_tasks_view_map3b_wempty_char_TaskLibrary_fullspeed_1.json,0.24654980830366624
IPLProjects_tasks_view_map3b_wempty_rot_char_TaskLibrary_fullspeed_1.json,0.1266120820806669
IPLProjects_tasks_view_map3b_wempty_rot_TaskLibrary_fullspeed_1.json,0.12959513799755093
IPLProjects_tasks_view_map3b_wempty_TaskLibrary_fullspeed_1.json,0.28283535691367284
Isolette_isolette_heat_source_Heat_Source_impl_1.json,-0.07897738765007797
Isolette_isolette_heat_source_Heat_Source_with_devices_1.json,0.09432662054245222
Isolette_isolette_operator_interface_Operator_Interface_impl_1.json,0.04153139710732649
Isolette_isolette_Temperature_Sensor_impl_1.json,0.0357973385488579
Isolette_isolette_temperature_sensor_Temperature_Sensor_impl_1.json,0.035424563283583045
ITU_Example_AADL_ITU_Software_ITU_System_impl_1.json,-0.041476646276975906
JobFound_JobFound_jobFoundServer_Impl_1.json,0.032649238648416325
kAADL_cruise_control_Cruisecontrollaws_Model_1.json,-0.04839844750796791
kAADL_cruise_control_Hci_Model_1.json,0.03739044677738871
kAADL_Deployment_smp_s1_1.json,0.0746931345469615
kAADL_Deployment_S_I_1.json,-0.12994515902629217
kAADL_Example2_simple_impl_1.json,-0.1680668926709334
kAADL_Example_simple_impl_1.json,0.010035365342916013
kAADL_GPS_Interface_Satellite_others_1.json,-0.045451339219931566
kAADL_Hardware_Dual_Processor_PowerPC_1.json,0.07800522885278277
kAADL_RemoteCallExample_simple_impl_1.json,0.022335227811743297
Master_Thesis_HybridSynchAADL_DroneControl_DroneControl_rendezvous_1.json,0.14241644480390625
Master_Thesis_HybridSynchAADL_DroneControl_DroneControl_rendezvous_2.json,0.14348467980862387
Master_Thesis_HybridSynchAADL_DroneControl_DroneControl_rendezvous_3.json,0.14426884674528315
Master_Thesis_HybridSynchAADL_Drones2_Drones2_rendezvous_1.json,0.1703902215519493
Master_Thesis_HybridSynchAADL_Drones3_Drones3_rendezvous_1.json,0.16490918937427226
Master_Thesis_HybridSynchAADL_Drones4_Drones4_rendezvous_1.json,0.15961434333607027
Master_Thesis_HybridSynchAADL_DroneSystem_DroneSystem_rendezvous_1.json,0.26214017447722343
Master_Thesis_HybridSynchAADL_DroneSystem_DroneSystem_rendezvous_2.json,0.2652506744861638
Master_Thesis_HybridSynchAADL_DroneSystem_DroneSystem_rendezvous_3.json,0.26415849307690065
Master_Thesis_HybridSynchAADL_Environment_Environment_rendezvous_1.json,0.15720101012178658
Master_Thesis_HybridSynchAADL_Environment_Environment_rendezvous_2.json,0.15720101012178658
Master_Thesis_HybridSynchAADL_Environment_Environment_rendezvous_3.json,0.15720101012178658
MCS-Examples_ojr_steppermotor_cs_root_impl_1.json,0.03014298068642084
MeceLearningSystem_mece_learning_app_package_mece_learning_app_Impl_1.json,0.07117020678204729
MeceLearningSystem_mece_learning_system_package_AccountDB_Impl_1.json,0.053583383533850275
MeceLearningSystem_mece_learning_system_package_ContentDB_Impl_1.json,0.04619656677066844
MeceLearningSystem_mece_learning_system_package_MeceLearningSystem_Impl_1.json,0.02329034872617361
MeceLearningSystem_mece_learning_system_package_ServerSide_Impl_1.json,0.013165363149503976
MitesAADL_MITESIO_mites_imp_1.json,-0.005985424014530224
ModelagemAADL_Exemplo_bus_top_i_1.json,0.06887371017362308
ModelagemAADL_Exemplo_bus_top_i_2.json,0.06887371017362308
ModelagemAADL_Exemplo_bus_top_i_3.json,0.06887371017362308
ModelagemAADL_Exemplo_DCS_i_1.json,0.11636243308929094
ModelagemAADL_Exemplo_DCS_i_2.json,0.11430386809729706
ModelagemAADL_Exemplo_DCS_i_3.json,0.14701879757556766
ModelagemAADL_Exemplo_SCS_i_1.json,0.11567067501808047
ModelagemAADL_Exemplo_SCS_i_2.json,0.11475190825731182
ModelagemAADL_Exemplo_SCS_i_3.json,0.17133814445960838
ModelagemAADL_Exemplo_Sistema_i_1.json,0.06479104923192239
ModelagemAADL_Exemplo_Sistema_i_2.json,0.06504570432585462
ModelagemAADL_Exemplo_Sistema_i_3.json,0.04553494625972388
ModelagemAADL_resourcebudgets_DCA_tier1_1.json,0.011966051288169325
ModelagemAADL_resourcebudgets_DCA_tier1_2.json,0.012174134305382892
ModelagemAADL_resourcebudgets_DCA_tier1_3.json,0.011780570018135754
ModelagemAADL_resourcebudgets_DCA_tier2_1.json,-0.009518724113540858
ModelagemAADL_resourcebudgets_DCA_tier2_2.json,-0.010730329074693658
ModelagemAADL_resourcebudgets_DCA_tier2_3.json,-0.010123505287992416
ModelagemAADL_resourcebudgets_DCS_dualtier2_1.json,0.19112201854827623
ModelagemAADL_resourcebudgets_DCS_dualtier2_2.json,0.19605564334612263
ModelagemAADL_resourcebudgets_DCS_dualtier2_3.json,0.19268262876962192
ModelagemAADL_resourcebudgets_DCS_singletier0_1.json,0.16348206666253476
ModelagemAADL_resourcebudgets_DCS_singletier0_2.json,0.16348206666253476
ModelagemAADL_resourcebudgets_DCS_singletier0_3.json,0.16348206666253476
ModelagemAADL_resourcebudgets_DCS_singletier1_1.json,0.18084391151678522
ModelagemAADL_resourcebudgets_DCS_singletier1_2.json,0.19097408745788488
ModelagemAADL_resourcebudgets_DCS_singletier1_3.json,0.18584957564058063
ModelagemAADL_resourcebudgets_DCS_singletier2_1.json,0.15746566674112933
ModelagemAADL_resourcebudgets_DCS_singletier2_2.json,0.1649827733442792
ModelagemAADL_resourcebudgets_DCS_singletier2_3.json,0.16035494171036963
ModelagemAADL_resourcebudgets_MySystem_Tier0_1.json,0.07041285833903982
ModelagemAADL_resourcebudgets_MySystem_Tier0_2.json,0.06878720243545507
ModelagemAADL_resourcebudgets_MySystem_Tier0_3.json,0.06782967682574309
ModelagemAADL_resourcebudgets_MySystem_Tier2_1.json,0.13989750460179018
ModelagemAADL_resourcebudgets_MySystem_Tier2_2.json,0.14155303764011593
ModelagemAADL_resourcebudgets_MySystem_Tier2_3.json,0.13879201813393202
ModelagemAADL_resourcebudgets_platform_dual_1.json,0.10700804523920054
ModelagemAADL_resourcebudgets_platform_dual_2.json,0.1144042264684957
ModelagemAADL_resourcebudgets_platform_dual_3.json,0.1099243149898217
ModelagemAADL_resourcebudgets_platform_single_1.json,0.17534774419420382
ModelagemAADL_resourcebudgets_platform_single_2.json,0.17540856800251153
ModelagemAADL_resourcebudgets_platform_single_3.json,0.17692686965579463
ModelagemAADL_resourcebudgets_SCS_dualtier2_1.json,0.15012376288833088
ModelagemAADL_resourcebudgets_SCS_dualtier2_2.json,0.14591429394390462
ModelagemAADL_resourcebudgets_SCS_dualtier2_3.json,0.1434858815280907
ModelagemAADL_resourcebudgets_SCS_tier0_1.json,0.11865730665355521
ModelagemAADL_resourcebudgets_SCS_tier0_2.json,0.11902374774966452
ModelagemAADL_resourcebudgets_SCS_tier0_3.json,0.11961535693584438
ModelagemAADL_resourcebudgets_SCS_tier1_1.json,0.1995583975854187
ModelagemAADL_resourcebudgets_SCS_tier1_2.json,0.2004682564190112
ModelagemAADL_resourcebudgets_SCS_tier1_3.json,0.19050765988818322
ModelagemAADL_resourcebudgets_SCS_tier2_1.json,0.14765943598482267
ModelagemAADL_resourcebudgets_SCS_tier2_2.json,0.1446787089436889
ModelagemAADL_resourcebudgets_SCS_tier2_3.json,0.1452508538362571
ocarina_A_S_first_1.json,-0.12808961302174832
ocarina_client_server_Pkg_client_server_others_1.json,-0.00491228311743429
ocarina_FlightControlSystem_fcs_impl_1.json,0.02868880168536471
ocarina_GPS_Interface_Satellite_others_1.json,-0.0228409315529001
ocarina_Hardware_Dual_Processor_PowerPC_1.json,0.3057539747715482
ocarina_model_main_i_1.json,0.005132607794232809
ocarina_p1_r1_i_1.json,0.16347097796572543
ocarina_p1_r2_i_1.json,0.16347097796572543
ocarina_pingpong_s_i_1.json,-0.25830035811167334
ocarina_pingpong_t_i_1.json,-0.14749560541941342
ocarina_Producer_Consumer_PC_Simple_Native_1.json,0.06342615319419448
ocarina_PropValue_Test_Imp_1.json,0.05240166311032599
ocarina_radar_radar_simple_1.json,0.02911906717646434
ocarina_RMAAadl_rma_ERC32_1.json,0.22958393379333886
ocarina_RMAAadl_rma_ERC32_2.json,0.22958393379333886
ocarina_RMAAadl_rma_ERC32_3.json,0.22958393379333886
ocarina_RMAAadl_rma_ERC32_4.json,0.22958393379333886
ocarina_RMAAadl_rma_ERC32_5.json,0.22958393379333886
ocarina_RMAAadl_rma_ERC32_6.json,0.22958393379333886
ocarina_RMAAadl_rma_impl_1.json,0.15242707409055414
ocarina_Scenario_producer_consumer_Impl_1.json,0.48622346136127453
ocarina_Shared_shared_impl_1.json,-0.0568161557098918
ocarina_S_S_impl_1.json,-0.10485544930958549
ocarina_t11_system_e_t11_i_1.json,-0.0014807366763667632
ocarina_t11_system_t11_i_1.json,0.581766241482985
ocarina_t12_system_e_t12_i_1.json,-0.0014807366763667632
ocarina_t12_system_t12_i_1.json,0.581766241482985
ocarina_t13_system_t13_i_1.json,0.007257888813192107
ocarina_t15_integrated_t15_i_1.json,0.0618639209038002
ocarina_t15_system_15_i_1.json,0.020538628633596557
ocarina_t16_system_t16_i_1.json,0.43332282323255983
ocarina_t16_system_t16_one_i_1.json,0.03149972053875532
ocarina_t16_system_t16_three_i_1.json,0.027681787884822236
ocarina_t16_system_t16_two_i_1.json,-0.026593652500428045
ocarina_t9_system_t9_i_1.json,0.581766241482985
ocarina_Test1_REAL_rma_ERC32_1.json,0.22734605097150215
ocarina_Test3_REAL_rma_ERC32_1.json,0.22734605097150215
ocarina_Test4_REAL_rma_ERC32_1.json,0.22734605097150215
ocarina_Test5_REAL_rma_ERC32_1.json,0.22734605097150215
ocarina_Test5_REAL_rma_ERC32_2.json,0.22734605097150215
ocarina_TestComputeEntryPoint_S_I_1.json,-0.05769971514747511
ocarina_testfeaturegroup_top_i_1.json,-0.04470316787998659
ocarina_Test_01_rma_ERC32_1.json,0.22569489283700833
ocarina_Test_01_rma_ERC32_2.json,0.22569489283700833
ocarina_Test_Aadl_Xml_Connections_main_impl_1.json,-0.051864888742788814
ocarina_Test_Aadl_Xml_Output_main_impl_1.json,-0.08374612709719702
ocarina_Test_carext_impl_1.json,0.030905367371787562
ocarina_Test_carRT_impl_1.json,0.04421417612943115
ocarina_Test_Cheddar_deployment_impl_1.json,-0.14436419752923474
ocarina_test_container_impl_1.json,0.03251345034412345
ocarina_Test_mysystem_impl_1.json,-0.03153261624979696
ocarina_test_node_impl_1.json,0.014317249894354771
ocarina_test_node_impl_2.json,0.014317249894354771
ocarina_test_order_deployment_impl_1.json,-0.026530172864280444
ocarina_Test_s2_i_1.json,-0.05486329009885061
ocarina_test_spg_test_impl_1.json,0.36900728984893216
ocarina_test_s_i2_1.json,0.1569378916645745
ocarina_Test_s_impl_1.json,0.3216996283019918
ocarina_t_s2_i_1.json,0.1898389251424113
ocarina_t_s_i_1.json,0.1898389251424113
ocarina_validation_mysystem_local_1.json,-0.10566116571511945
ocarina_vehicle_root_impl_1.json,0.003741414990868861
ocarina_vehicle_vehicle_standard_1.json,0.0006458441276511039
oqarina_Car_Car_impl_1.json,0.026273835580878015
oqarina_RMAAadl_rma_impl_1.json,0.17102242396117492
OSATE-FTA-Tests_Fault_tree_0_main_complete_1.json,0.0656998491552924
OSATE-FTA-Tests_Fault_tree_1_main_complete_1.json,0.0656998491552924
OSATE-FTA-Tests_Fault_tree_2_main_complete_1.json,0.0656998491552924
OSATE-FTA-Tests_Fault_tree_3_main_complete_1.json,0.0656998491552924
ParkingProject_parking_system_parking_simple_1.json,0.092120154859969
polyorb-hi-ada_d3extended_probe_native_1.json,0.35848224859619415
polyorb-hi-ada_DCLocal_Delayed_Connections_Native_1.json,-0.03437614915897758
polyorb-hi-ada_Flowlatencysampleddata_application_allperiodicsampled_1.json,0.16229833008692718
polyorb-hi-ada_HW_Leon_Case_Study_LEON_1.json,0.08500689466491493
polyorb-hi-ada_HW_Leon_Local_Case_Study_LEON_Local_1.json,-0.10677147294082628
polyorb-hi-ada_HW_Native_Case_Study_Native_1.json,0.10057670018211197
polyorb-hi-ada_radar_system_radar_simple_1.json,-0.006786465624929043
polyorb-hi-ada_RMAAadl_rma_ERC32_1.json,0.2361060253592653
polyorb-hi-ada_Sunseeker_Dist_Sunseekercontrolsystem_Type_Native_1.json,-0.14209689515172605
polyorb-hi-ada_Sunseeker_Local_Sunseekercontrolsystem_Type_LEON_1.json,-0.025335743161543026
polyorb-hi-ada_Sunseeker_Local_Sunseekercontrolsystem_Type_LEON_GNAT_1.json,-0.021768083190013606
polyorb-hi-ada_System_Demo_The_Demo_impl_1.json,0.080497728818062
polyorb-hi-c_CPP_Test_cpp_test_impl_1.json,0.37892726249841313
polyorb-hi-c_CPP_Test_cpp_test_RTEMS_1.json,0.3999498960141489
polyorb-hi-c_CPP_Test_cpp_test_Xenomai_1.json,0.40654378711169886
polyorb-hi-c_PING_PING_Impl_1.json,-0.06676845480745149
polyorb-hi-c_PING_PING_RTEMS_1.json,-0.06710019000392306
polyorb-hi-c_PING_PING_Xenomai_1.json,-0.06845044393181572
polyorb-hi-c_PTEST_ptest_impl_1.json,0.2365322448488575
polyorb-hi-c_PTEST_ptest_rtems_impl_1.json,0.24340454020568605
polyorb-hi-c_RMAAadl_rma_compcert_1.json,0.18935734253969225
polyorb-hi-c_RMAAadl_rma_impl_1.json,-0.0400751800909039
polyorb-hi-c_RMAAadl_rma_impl_2.json,0.19350277875954564
polyorb-hi-c_RMAAadl_rma_impl_3.json,-0.004325337307283257
polyorb-hi-c_RMAAadl_rma_impl_4.json,0.1951753380950034
polyorb-hi-c_RMAAadl_rma_impl_5.json,0.20463486489328753
polyorb-hi-c_RMAAadl_rma_RTEMS_1.json,0.20041110517491442
polyorb-hi-c_RMAAadl_rma_Xenomai_1.json,0.19982332378747314
polyorb-hi-c_Scenario_cpptest_Impl_1.json,-0.020408654319931153
polyorb-hi-c_Scenario_cpp_Impl_1.json,-0.024449909792946273
polyorb-hi-c_scenario_d3_1_3_1_Impl_1.json,0.0
polyorb-hi-c_scenario_d3_1_3_1_Impl_2.json,0.0
polyorb-hi-c_scenario_d3_1_3_1_Impl_3.json,0.0
polyorb-hi-c_scenario_d3_1_3_1_Impl_4.json,0.0
polyorb-hi-c_Scenario_Flight_Management_Impl_1.json,0.13011210404754356
polyorb-hi-c_Scenario_Flight_Management_Impl_2.json,0.13011210404754356
polyorb-hi-c_Scenario_Flight_Management_Impl_3.json,0.13011210404754356
polyorb-hi-c_Scenario_Flight_Management_Impl_4.json,0.13011210404754356
polyorb-hi-c_Scenario_import_Impl_1.json,-0.16152164290532436
polyorb-hi-c_Scenario_monitor_impl_1.json,-0.1275812336009769
polyorb-hi-c_Scenario_ping_impl_1.json,0.5024064339879729
polyorb-hi-c_Scenario_ping_impl_10.json,0.5024064339879729
polyorb-hi-c_Scenario_ping_impl_11.json,0.5024064339879729
polyorb-hi-c_Scenario_ping_impl_12.json,0.5024064339879729
polyorb-hi-c_Scenario_ping_impl_13.json,0.5024064339879729
polyorb-hi-c_Scenario_ping_impl_2.json,0.5024064339879729
polyorb-hi-c_Scenario_ping_impl_3.json,0.5024064339879729
polyorb-hi-c_Scenario_ping_impl_4.json,0.5024064339879729
polyorb-hi-c_Scenario_ping_impl_5.json,0.5024064339879729
polyorb-hi-c_Scenario_ping_impl_6.json,0.5024064339879729
polyorb-hi-c_Scenario_ping_impl_7.json,0.5024064339879729
polyorb-hi-c_Scenario_ping_impl_8.json,0.5024064339879729
polyorb-hi-c_Scenario_ping_impl_9.json,0.5024064339879729
polyorb-hi-c_Scenario_producer_consumer_Impl_1.json,0.48622346136127453
polyorb-hi-c_Scenario_producer_consumer_Impl_2.json,0.48622346136127453
polyorb-hi-c_Scenario_producer_consumer_Impl_3.json,0.48622346136127453
polyorb-hi-c_Scenario_producer_consumer_Impl_4.json,0.48622346136127453
polyorb-hi-c_Scenario_producer_consumer_Impl_5.json,0.48622346136127453
polyorb-hi-c_Scenario_producer_consumer_Impl_6.json,0.48622346136127453
polyorb-hi-c_Scenario_producer_consumer_Impl_7.json,0.48622346136127453
polyorb-hi-c_Scenario_producer_consumer_Impl_8.json,0.48622346136127453
polyorb-hi-c_Scenario_producer_consumer_Impl_9.json,0.48622346136127453
polyorb-hi-c_scenario_ptest_Impl_1.json,-0.02668899907960477
polyorb-hi-c_scenario_ptest_rtems_Impl_1.json,-0.0456937928666945
polyorb-hi-c_scenario_rma_Impl_1.json,0.44378380832076403
polyorb-hi-c_scenario_rma_Impl_2.json,0.44378380832076403
polyorb-hi-c_scenario_rma_Impl_3.json,0.44378380832076403
polyorb-hi-c_scenario_rma_Impl_4.json,0.44378380832076403
polyorb-hi-c_scenario_rma_Impl_5.json,0.44378380832076403
polyorb-hi-c_scenario_rma_Impl_6.json,0.44378380832076403
polyorb-hi-c_scenario_rma_Impl_7.json,0.44378380832076403
polyorb-hi-c_scenario_rma_Impl_8.json,0.44378380832076403
polyorb-hi-c_Scenario_some_types_impl_1.json,0.44784956351254573
polyorb-hi-c_Scenario_some_types_impl_2.json,0.44784956351254573
polyorb-hi-c_Scenario_some_types_impl_3.json,0.44784956351254573
polyorb-hi-c_Scenario_some_types_Impl_4.json,0.44784956351254573
polyorb-hi-c_Scenario_some_types_Impl_5.json,0.44784956351254573
polyorb-hi-c_Scenario_some_types_Impl_6.json,0.44784956351254573
polyorb-hi-c_Scenario_some_types_Impl_7.json,0.44784956351254573
polyorb-hi-c_Scenario_sunseeker_Impl_1.json,0.5366029009760442
polyorb-hi-c_Scenario_sunseeker_Impl_2.json,0.5366029009760442
polyorb-hi-c_Scenario_sunseeker_Impl_3.json,0.5366029009760442
polyorb-hi-c_Scenario_sunseeker_Impl_4.json,0.5366029009760442
polyorb-hi-c_Scenario_sunseeker_Impl_5.json,0.5366029009760442
polyorb-hi-c_scenario_topsystem_distributedallperiodicdelayed_1.json,0.20670905864693506
polyorb-hi-c_scenario_topsystem_distributedallperiodicdelayed_2.json,0.20670905864693506
polyorb-hi-c_scenario_topsystem_distributedallperiodicdelayed_3.json,0.20670905864693506
polyorb-hi-c_Sunseeker_Dist_Sunseekercontrolsystem_Type_Dist_1.json,-0.046790099362090845
polyorb-hi-c_Sunseeker_Local_Sunseekercontrolsystem_Type_Local_1.json,-0.1085161506896446
polyorb-hi-c_test_lua_lua_impl_1.json,0.22050456183150244
polyorb-hi-c_Torture_Torture_impl_1.json,0.12267775037290919
S18_computer_computer_item_1.json,0.05207264859046877
S18_engine_engine_item_1.json,-0.05967567229955591
S18_model_model_complete_1.json,0.06209608758380073
S18_model_V2_model_V2_complete_1.json,0.04591269876226195
S18_powerplants_powerplants_impl_1.json,0.009572572502556036
S18_powerSupply_powerSupply_item_1.json,-0.12284892916931114
S18_switching_switching_item_1.json,-0.044039488626467074
S18_voter_voter_item_1.json,-0.02607783889609987
SE206_TP3_AADL_integration_main_sys_fla_1.json,0.059493648774408804
SE206_TP3_AADL_integration_main_sys_impl_1.json,0.057329562498709706
SE206_TP3_AADL_integration_main_sys_rta_1.json,0.05809311729745785
SE206_TP3_AADL_integration_proxy_main_sys_rta_1.json,0.05795311287896309
smart-home-arch_Clients_Clients_impl_1.json,0.08003636589340472
smart-home-arch_MainControlRouter_MainControlRouter_impl_1.json,0.0901947858838481
smart-home-arch_RemoteServer_RemoteServer_impl_1.json,0.1052958242184012
smart-home-arch_smart_home_system_smart_home_impl_1.json,0.0236350304357855
SmartHome_smart_home_arch_appliances_impl_1.json,0.012134818017733513
SmartHome_smart_home_arch_Client_tier_impl_1.json,-0.011593472344066361
SmartHome_smart_home_arch_home_controller_framework_impl_1.json,0.08724617490973915
SmartHome_smart_home_arch_plugin_impl_1.json,0.08772409187492825
SmartHome_smart_home_arch_sensor_unit_impl_1.json,-0.012693452624772115
SmartHome_smart_home_arch_smarthome_impl_1.json,0.1303731270003004
SmartThermostatSystem_thermostat_arch_Generator_impl_1.json,0.18058229719481814
SmartThermostatSystem_thermostat_arch_Temp_sensor_impl_1.json,-0.030194481648869176
SmartThermostatSystem_thermostat_arch_Thermostat_Controller_impl_1.json,0.07658135783293536
SmartThermostatSystem_thermostat_arch_thermostat_impl_1.json,0.05835742834182925
StereoCamAADL_StreoCamAADL_vantSystem_with_devices_1.json,0.07221435259355677
Tank-Pressurized_fuse_fuse_i_1.json,0.018603962172725187
Tank-Pressurized_motor_pump_motor_pump_i_1.json,0.027080217162147546
Tank-Pressurized_pressureSwitch_pressureSwitch_i_1.json,-0.003838874331309528
Tank-Pressurized_switch_switch_i_1.json,-0.13406941551886242
Tank-Pressurized_sys_tank_Rev_2_sys_tank_pressurized_complete_1.json,-0.06899556282408581
Tank-Pressurized_tank_tank_i_1.json,-0.01611895794151346
Tank-Pressurized_valve_valve_i_1.json,0.03603438621632515
TCS-ABS-AADL-models_TractionControlSystem_TCS_impl_1.json,0.08748842118126317
TempControlAADL_Scenario_ControllerA_imp_1.json,-0.04694474324013025
TempControlAADL_Scenario_ControllerB_imp_1.json,-0.07212705884214754
TempControlAADL_Scenario_LabControl_imp_1.json,0.09925696406969887
TicketMachine_AADLProject_ticketmachine_TicketMachineSystem_with_devices_1.json,0.15187574872925763
tpAADL_lgs_Close_EV_System_impl_1.json,0.015419384858442083
tpAADL_lgs_CommutateurAnalogique_impl_1.json,0.02028351056369572
tpAADL_lgs_digital_part_impl_1.json,0.13797038055026117
tpAADL_lgs_ElectrovalvesSystem_impl_1.json,0.17884929676167066
tpAADL_lgs_Extend_EV_System_impl_1.json,0.03860448805626703
tpAADL_lgs_lgsSystem_impl_1.json,0.08190739870057628
tpAADL_lgs_Open_EV_System_impl_1.json,0.02646318562541637
tpAADL_lgs_Retract_EV_System_impl_1.json,0.04150408935892366
UAV_AADL_Project_lowLevelSubsystem_LowLevelProcessing_impl_1.json,-0.12348128100293183
Using-a-Network-of-Drones-to-Inspect-Structural-Deformations_BaseStation_BaseStat_impl_1.json,0.2182086677558411
Using-a-Network-of-Drones-to-Inspect-Structural-Deformations_DM_Main_DisasterManagementMain_impl_1.json,0.31404233919823016
Using-a-Network-of-Drones-to-Inspect-Structural-Deformations_ES_Main_EventStreamingMain_impl_1.json,0.25929377273891513
Using-a-Network-of-Drones-to-Inspect-Structural-Deformations_UAVNetwork_V1_UAVNetworkC_impl_1.json,0.01658561690127266
Using-a-Network-of-Drones-to-Inspect-Structural-Deformations_UAVNetwork_V2_UAVNetworkC_impl_1.json,0.01658561690127266
Using-a-Network-of-Drones-to-Inspect-Structural-Deformations_UAVNetwork_V3_UAVNetworkC_impl_1.json,0.01658561690127266
Using-a-Network-of-Drones-to-Inspect-Structural-Deformations_UAVNode_UAVNodeComponent_impl_1.json,0.057653012246599834
Using-a-Network-of-Drones-to-Inspect-Structural-Deformations_UAVNode_Vehicle_UAVVehicle_impl_1.json,-0.27117793051843037
Using-a-Network-of-Drones-to-Inspect-Structural-Deformations_UAV_ModelConstruction_UAV_ModelConstructionSystem_impl_1.json,0.015946559431151464
Vending-Machine-AADL_automat_AutomatSystem_with_devices_1.json,0.08848944062591926
XDL-to-AADL-Open-Tool_b03_aadl_system_b03_Top_system_imp_1.json,-0.07487228219466942
XDL-to-AADL-Open-Tool_FPGA_Library_SLICEL_imp_1.json,-0.0326258609510422
XDL-to-AADL-Open-Tool_FPGA_Library_SLICEM_imp_1.json,-0.031859702832405606
